y,SPXOpenUpDown,SPXPrevChange,SPXPrevVolChange
1,-0.000772342,-0.012708621,0.099627885
0,-0.005261447,-0.014559134,0.095587216
